2.400000000000000061e-05,0.000000000000000000e+00,0.000000000000000000e+00,4.754999999999999678e-03
4.986410000000000009e-01,0.000000000000000000e+00,0.000000000000000000e+00,4.985680000000000112e-01
1.103347999999999995e+00,0.000000000000000000e+00,0.000000000000000000e+00,4.999959999999999960e-01
1.708347999999999978e+00,0.000000000000000000e+00,0.000000000000000000e+00,5.000000000000000000e-01
2.313347999999999960e+00,0.000000000000000000e+00,0.000000000000000000e+00,5.000000000000000000e-01
2.918347999999999942e+00,0.000000000000000000e+00,0.000000000000000000e+00,5.000000000000000000e-01
3.518348000000000031e+00,0.000000000000000000e+00,0.000000000000000000e+00,5.000000000000000000e-01
4.118348000000000120e+00,0.000000000000000000e+00,0.000000000000000000e+00,5.000000000000000000e-01
4.718347999999999764e+00,0.000000000000000000e+00,0.000000000000000000e+00,5.000000000000000000e-01
5.323348000000000191e+00,0.000000000000000000e+00,0.000000000000000000e+00,5.000000000000000000e-01
5.923347999999999836e+00,0.000000000000000000e+00,0.000000000000000000e+00,5.000000000000000000e-01
6.528348000000000262e+00,0.000000000000000000e+00,0.000000000000000000e+00,5.000000000000000000e-01
7.128347999999999907e+00,0.000000000000000000e+00,0.000000000000000000e+00,5.000000000000000000e-01
7.728348000000000440e+00,0.000000000000000000e+00,0.000000000000000000e+00,5.000000000000000000e-01
8.328348000000000084e+00,0.000000000000000000e+00,0.000000000000000000e+00,5.000000000000000000e-01
8.928347999999999729e+00,0.000000000000000000e+00,0.000000000000000000e+00,5.000000000000000000e-01
9.536376000000000630e+00,2.642600000000000157e-02,2.241940000000000044e-01,5.000000000000000000e-01
1.012614800000000059e+01,1.463639999999999941e-01,6.651400000000000368e-02,5.000000000000000000e-01
1.073479900000000065e+01,1.869079999999999908e-01,6.651400000000000368e-02,5.000000000000000000e-01
1.134345000000000070e+01,2.274509999999999865e-01,6.651400000000000368e-02,5.000000000000000000e-01
1.194711200000000062e+01,2.676620000000000110e-01,6.651400000000000368e-02,5.000000000000000000e-01
1.254578599999999966e+01,3.075410000000000088e-01,6.651400000000000368e-02,5.000000000000000000e-01
1.314944799999999958e+01,3.477520000000000056e-01,6.651400000000000368e-02,5.000000000000000000e-01
1.376308799999999977e+01,3.886279999999999735e-01,6.651400000000000368e-02,5.000000000000000000e-01
1.436176099999999956e+01,4.285059999999999980e-01,6.651400000000000368e-02,5.000000000000000000e-01
1.497041199999999961e+01,4.690500000000000225e-01,6.651400000000000368e-02,5.000000000000000000e-01
1.556908600000000042e+01,5.089280000000000470e-01,6.651400000000000368e-02,5.000000000000000000e-01
1.617274799999999857e+01,5.491390000000000438e-01,6.651400000000000368e-02,5.000000000000000000e-01
1.677142100000000013e+01,5.890180000000000415e-01,6.651400000000000368e-02,5.000000000000000000e-01
1.737009400000000170e+01,6.288970000000000393e-01,6.651400000000000368e-02,5.000000000000000000e-01
1.796876800000000074e+01,6.687750000000000083e-01,6.651400000000000368e-02,5.000000000000000000e-01
1.856744099999999875e+01,7.086540000000000061e-01,6.651400000000000368e-02,5.000000000000000000e-01
1.917182700000000040e+01,7.243709999999999871e-01,-1.129800000000000075e-02,5.000000000000000000e-01
1.977178899999999828e+01,7.175930000000000364e-01,-1.129800000000000075e-02,5.000000000000000000e-01
2.037174999999999869e+01,7.108139999999999459e-01,-1.129800000000000075e-02,5.000000000000000000e-01
2.097171200000000013e+01,7.040349999999999664e-01,-1.129800000000000075e-02,5.000000000000000000e-01
2.157153599999999827e+01,7.031830000000000025e-01,9.254900000000000626e-02,5.000000000000000000e-01
2.217822100000000063e+01,7.666870000000000074e-01,1.045210000000000028e-01,5.000000000000000000e-01
2.277991899999999958e+01,8.298069999999999613e-01,1.045210000000000028e-01,5.000000000000000000e-01
2.337664399999999887e+01,8.924060000000000326e-01,1.045210000000000028e-01,5.000000000000000000e-01
2.397336999999999918e+01,9.550039999999999640e-01,1.045210000000000028e-01,5.000000000000000000e-01
2.457009599999999949e+01,1.017603000000000035e+00,1.045210000000000028e-01,5.000000000000000000e-01
2.516682099999999878e+01,1.080202000000000107e+00,1.045210000000000028e-01,5.000000000000000000e-01
2.576851999999999876e+01,1.143321999999999949e+00,1.045210000000000028e-01,5.000000000000000000e-01
2.636524500000000160e+01,1.205921000000000021e+00,1.045210000000000028e-01,5.000000000000000000e-01
2.696694300000000055e+01,1.269041000000000086e+00,1.045210000000000028e-01,5.000000000000000000e-01
2.756366900000000086e+01,1.331639999999999935e+00,1.045210000000000028e-01,5.000000000000000000e-01
2.816039500000000118e+01,1.394238000000000088e+00,1.045210000000000028e-01,5.000000000000000000e-01
2.875712000000000046e+01,1.456836999999999938e+00,1.045210000000000028e-01,5.000000000000000000e-01
2.935384600000000077e+01,1.519436000000000009e+00,1.045210000000000028e-01,5.000000000000000000e-01
2.995057100000000005e+01,1.582033999999999940e+00,1.045210000000000028e-01,5.000000000000000000e-01
3.055227000000000004e+01,1.645154000000000005e+00,1.045210000000000028e-01,5.000000000000000000e-01
3.114899499999999932e+01,1.707753000000000076e+00,1.045210000000000028e-01,5.000000000000000000e-01
3.174572099999999963e+01,1.770351999999999926e+00,1.045210000000000028e-01,5.000000000000000000e-01
3.234244600000000247e+01,1.832950000000000079e+00,1.045210000000000028e-01,5.000000000000000000e-01
3.293917199999999923e+01,1.895548999999999928e+00,1.045210000000000028e-01,5.000000000000000000e-01
3.353589699999999851e+01,1.958148000000000000e+00,1.045210000000000028e-01,5.000000000000000000e-01
3.414256799999999714e+01,2.021790000000000198e+00,1.045210000000000028e-01,5.000000000000000000e-01
3.473929400000000101e+01,2.084388000000000130e+00,1.045210000000000028e-01,5.000000000000000000e-01
3.533601999999999776e+01,2.146987000000000201e+00,1.045210000000000028e-01,5.000000000000000000e-01
3.593771799999999672e+01,2.210106999999999822e+00,1.045210000000000028e-01,5.000000000000000000e-01
3.653444300000000311e+01,2.272705999999999893e+00,1.045210000000000028e-01,5.000000000000000000e-01
3.713116899999999987e+01,2.335304999999999964e+00,1.045210000000000028e-01,5.000000000000000000e-01
3.772789499999999663e+01,2.397902999999999896e+00,1.045210000000000028e-01,5.000000000000000000e-01
3.832462000000000302e+01,2.460501999999999967e+00,1.045210000000000028e-01,5.000000000000000000e-01
3.892631800000000197e+01,2.523622000000000032e+00,1.045210000000000028e-01,5.000000000000000000e-01
3.952719299999999691e+01,2.592619000000000007e+00,2.099409999999999887e-01,5.000000000000000000e-01
4.005160000000000053e+01,2.877317999999999820e+00,7.848079999999999501e-01,5.000000000000000000e-01
4.033585800000000177e+01,3.396501000000000214e+00,1.354924000000000017e+00,5.000000000000000000e-01
4.029634200000000277e+01,3.987455000000000194e+00,1.873677000000000037e+00,5.000000000000000000e-01
4.011588700000000074e+01,4.564916000000000196e+00,1.873677000000000037e+00,5.000000000000000000e-01
3.997626199999999841e+01,5.151711999999999847e+00,1.691343999999999959e+00,5.000000000000000000e-01
3.990410800000000080e+01,5.747358000000000189e+00,1.691343999999999959e+00,5.000000000000000000e-01
3.985521099999999706e+01,6.344954000000000427e+00,1.613533000000000106e+00,5.000000000000000000e-01
3.982936300000000074e+01,6.949400999999999939e+00,1.613533000000000106e+00,5.000000000000000000e-01
3.980372899999999703e+01,7.548853000000000257e+00,1.613533000000000106e+00,5.000000000000000000e-01
3.977809500000000043e+01,8.148305999999999827e+00,1.613533000000000106e+00,5.000000000000000000e-01
3.975246099999999672e+01,8.747757999999999257e+00,1.613533000000000106e+00,5.000000000000000000e-01
3.972682700000000011e+01,9.347210000000000463e+00,1.613533000000000106e+00,5.000000000000000000e-01
3.970076499999999697e+01,9.956652999999999309e+00,1.613533000000000106e+00,5.000000000000000000e-01
3.967513100000000037e+01,1.055610500000000052e+01,1.613533000000000106e+00,5.000000000000000000e-01
3.964949699999999666e+01,1.115555699999999995e+01,1.613533000000000106e+00,5.000000000000000000e-01
3.962386300000000006e+01,1.175500899999999938e+01,1.613533000000000106e+00,5.000000000000000000e-01
3.959822900000000345e+01,1.235446199999999983e+01,1.613533000000000106e+00,5.000000000000000000e-01
3.957238199999999750e+01,1.295890900000000023e+01,1.613533000000000106e+00,5.000000000000000000e-01
3.954674800000000090e+01,1.355836099999999966e+01,1.613533000000000106e+00,5.000000000000000000e-01
3.952111399999999719e+01,1.415781400000000012e+01,1.613533000000000106e+00,5.000000000000000000e-01
3.954581600000000208e+01,1.475422700000000020e+01,1.303822000000000036e+00,5.000000000000000000e-01
3.985994500000000329e+01,1.526155200000000001e+01,7.289550000000000196e-01,5.000000000000000000e-01
4.039448699999999803e+01,1.551575300000000013e+01,1.588390000000000080e-01,5.000000000000000000e-01
4.098537799999999720e+01,1.545276400000000017e+01,-2.601439999999999864e-01,5.000000000000000000e-01
4.157002099999999700e+01,1.529714599999999969e+01,-2.601439999999999864e-01,5.000000000000000000e-01
4.216076999999999941e+01,1.520620100000000008e+01,-5.880799999999999916e-02,5.000000000000000000e-01
4.276971499999999793e+01,1.517034899999999986e+01,-5.880799999999999916e-02,5.000000000000000000e-01
4.337429000000000201e+01,1.517144500000000029e+01,2.850600000000000009e-02,5.000000000000000000e-01
4.397404600000000130e+01,1.518854600000000055e+01,2.850600000000000009e-02,5.000000000000000000e-01
4.457380299999999806e+01,1.520564800000000005e+01,2.850600000000000009e-02,5.000000000000000000e-01
4.518855299999999886e+01,1.522317600000000049e+01,2.850600000000000009e-02,5.000000000000000000e-01
4.578830899999999815e+01,1.524027700000000074e+01,2.850600000000000009e-02,5.000000000000000000e-01
4.638806499999999744e+01,1.525737900000000025e+01,2.850600000000000009e-02,5.000000000000000000e-01
4.698782200000000131e+01,1.527448000000000050e+01,2.850600000000000009e-02,5.000000000000000000e-01
4.758757800000000060e+01,1.529158100000000076e+01,2.850600000000000009e-02,5.000000000000000000e-01
4.818733399999999989e+01,1.530868199999999923e+01,2.850600000000000009e-02,5.000000000000000000e-01
4.878708999999999918e+01,1.532578299999999949e+01,2.850600000000000009e-02,5.000000000000000000e-01
4.938684700000000305e+01,1.534288399999999974e+01,2.850600000000000009e-02,5.000000000000000000e-01
4.998461199999999849e+01,1.532514100000000035e+01,-2.289440000000000086e-01,5.000000000000000000e-01
5.050003399999999942e+01,1.503411999999999971e+01,-7.990610000000000213e-01,5.000000000000000000e-01
5.077686500000000080e+01,1.451093799999999945e+01,-1.369177000000000088e+00,5.000000000000000000e-01
5.077519600000000111e+01,1.391309700000000049e+01,-1.636128999999999944e+00,5.000000000000000000e-01
5.073602499999999793e+01,1.331437700000000035e+01,-1.636128999999999944e+00,5.000000000000000000e-01
5.071671400000000318e+01,1.271030799999999950e+01,-1.529811000000000032e+00,5.000000000000000000e-01
5.074129899999999793e+01,1.211081199999999924e+01,-1.529811000000000032e+00,5.000000000000000000e-01
5.076588300000000231e+01,1.151131600000000077e+01,-1.529811000000000032e+00,5.000000000000000000e-01
5.079046699999999959e+01,1.091182000000000052e+01,-1.529811000000000032e+00,5.000000000000000000e-01
5.081505099999999686e+01,1.031232400000000027e+01,-1.529811000000000032e+00,5.000000000000000000e-01
5.083736100000000135e+01,9.707784000000000191e+00,-1.597223000000000059e+00,5.000000000000000000e-01
5.065595799999999826e+01,9.144360000000000710e+00,-2.167339000000000127e+00,5.000000000000000000e-01
5.022115300000000104e+01,8.734911999999999566e+00,-2.462797000000000125e+00,5.000000000000000000e-01
4.975415499999999724e+01,8.358199000000000822e+00,-2.463039000000000200e+00,5.000000000000000000e-01
4.923774600000000135e+01,8.054677999999999116e+00,-2.645129999999999981e+00,5.000000000000000000e-01
4.871018200000000320e+01,7.768887000000000320e+00,-2.645129999999999981e+00,5.000000000000000000e-01
4.818261799999999795e+01,7.483095999999999748e+00,-2.645129999999999981e+00,5.000000000000000000e-01
4.763195499999999782e+01,7.252361999999999753e+00,-2.884473999999999982e+00,5.000000000000000000e-01
4.705167900000000003e+01,7.099784999999999791e+00,-2.884473999999999982e+00,5.000000000000000000e-01
4.646656800000000231e+01,6.945935999999999666e+00,-2.884473999999999982e+00,5.000000000000000000e-01
4.588145600000000002e+01,6.792087999999999681e+00,-2.884473999999999982e+00,5.000000000000000000e-01
4.530118000000000222e+01,6.639510999999999719e+00,-2.884473999999999982e+00,5.000000000000000000e-01
4.472090399999999732e+01,6.486934999999999896e+00,-2.884473999999999982e+00,5.000000000000000000e-01
4.414062799999999953e+01,6.334357999999999933e+00,-2.884473999999999982e+00,5.000000000000000000e-01
4.358749099999999999e+01,6.108582000000000178e+00,-2.664133999999999780e+00,5.000000000000000000e-01
4.305459199999999953e+01,5.832867000000000246e+00,-2.664133999999999780e+00,5.000000000000000000e-01
4.248850099999999941e+01,5.628766999999999854e+00,-2.831316000000000166e+00,5.000000000000000000e-01
4.190636400000000350e+01,5.484885000000000232e+00,3.124052999999999969e+00,5.000000000000000000e-01
4.130727199999999755e+01,5.566703999999999652e+00,2.990127999999999897e+00,5.000000000000000000e-01
4.070919800000000066e+01,5.657990999999999993e+00,2.990127999999999897e+00,5.000000000000000000e-01
4.011128300000000024e+01,5.772717000000000098e+00,2.780187000000000186e+00,5.000000000000000000e-01
3.963288399999999712e+01,6.137316000000000216e+00,2.200569000000000219e+00,5.000000000000000000e-01
3.943286200000000008e+01,6.694403000000000326e+00,1.630452999999999930e+00,5.000000000000000000e-01
3.956191700000000111e+01,7.272917999999999772e+00,1.164857999999999949e+00,5.000000000000000000e-01
3.966770999999999958e+01,7.860281999999999769e+00,1.479319999999999968e+00,5.000000000000000000e-01
3.972343299999999999e+01,8.467731000000000563e+00,1.479319999999999968e+00,5.000000000000000000e-01
